{"cameraMode":{"drawMode":0,"name":"Shaded","section":"Shading Mode"},"sceneLighting":true,"audioPlay":false,"sceneViewState":{"m_AlwaysRefresh":false,"showFog":true,"showSkybox":true,"showFlares":true,"showImageEffects":true,"showParticleSystems":true,"showVisualEffectGraphs":true,"m_FxEnabled":true},"in2DMode":false,"pivot":{"x":109.66969299316406,"y":8.723531723022461,"z":93.2691421508789},"rotation":{"x":0.0017884238623082638,"y":0.995373547077179,"z":-0.03388568386435509,"w":0.09380444884300232},"size":18.296859741210939,"orthographic":false}