{"cameraMode":{"drawMode":0,"name":"Shaded","section":"Shading Mode"},"sceneLighting":true,"audioPlay":false,"sceneViewState":{"m_AlwaysRefresh":false,"showFog":true,"showSkybox":true,"showFlares":true,"showImageEffects":true,"showParticleSystems":true,"showVisualEffectGraphs":true,"m_FxEnabled":true},"in2DMode":false,"pivot":{"x":45.481868743896487,"y":-15.227612495422364,"z":152.50894165039063},"rotation":{"x":0.1422778218984604,"y":-0.4124443531036377,"z":0.06475546211004257,"w":0.8979315757751465},"size":42.34735870361328,"orthographic":false}