{"cameraMode":{"drawMode":0,"name":"Shaded","section":"Shading Mode"},"sceneLighting":true,"audioPlay":false,"sceneViewState":{"m_AlwaysRefresh":false,"showFog":true,"showSkybox":true,"showFlares":true,"showImageEffects":true,"showParticleSystems":true,"showVisualEffectGraphs":true,"m_FxEnabled":true},"in2DMode":false,"pivot":{"x":7.049533843994141,"y":11.40743637084961,"z":-30.99298095703125},"rotation":{"x":-0.003798002377152443,"y":0.9960260391235352,"z":-0.08924257010221482,"w":-0.026168767362833024},"size":197.34017944335938,"orthographic":false}