{"cameraMode":{"drawMode":0,"name":"Shaded","section":"Shading Mode"},"sceneLighting":true,"audioPlay":false,"sceneViewState":{"m_AlwaysRefresh":false,"showFog":true,"showSkybox":true,"showFlares":true,"showImageEffects":true,"showParticleSystems":true,"showVisualEffectGraphs":true,"m_FxEnabled":true},"in2DMode":false,"pivot":{"x":116.60192108154297,"y":6.789788246154785,"z":102.08755493164063},"rotation":{"x":0.00395738473162055,"y":0.8646068572998047,"z":-0.007418194320052862,"w":0.5032223463058472},"size":46.444305419921878,"orthographic":false}